RPM_Left,RPM_Right,dist_Left_RPM,dist_Right_RPM,Pos_Left,Pos_Right,dist_Left_pos,dist_Right_pos,time_stamp
0,0,0.0,0.0,0,0,0,0,0.040969386
0,0,0.0,0.0,0,0,0.0,0.0,0.0456353
0,0,0.0,0.0,0,0,0.0,0.0,0.043145205
0,0,0.0,0.0,0,0,0.0,0.0,0.047952411
0,0,0.0,0.0,0,0,0.0,0.0,0.049494868
0,0,0.0,0.0,0,0,0.0,0.0,0.04757618
0,0,0.0,0.0,0,0,0.0,0.0,0.046057287
0,0,0.0,0.0,0,0,0.0,0.0,0.052428731
0,0,0.0,0.0,0,0,0.0,0.0,0.049761726
0,0,0.0,0.0,0,0,0.0,0.0,0.049141139
0,0,0.0,0.0,0,0,0.0,0.0,0.051596038
0,0,0.0,0.0,0,0,0.0,0.0,0.055917759
0,0,0.0,0.0,0,0,0.0,0.0,0.058926451
0,0,0.0,0.0,0,0,0.0,0.0,0.059252268
0,0,0.0,0.0,0,0,0.0,0.0,0.054094328
0,0,0.0,0.0,0,0,0.0,0.0,0.057141291
0,0,0.0,0.0,0,0,0.0,0.0,0.05625632
0,0,0.0,0.0,0,0,0.0,0.0,0.066259829
0,0,0.0,0.0,0,0,0.0,0.0,0.046251139
0,0,0.0,0.0,0,0,0.0,0.0,0.054191469
0,0,0.0,0.0,0,0,0.0,0.0,0.053607359
0,0,0.0,0.0,0,0,0.0,0.0,0.054739291
0,0,0.0,0.0,0,0,0.0,0.0,0.057056613
0,0,0.0,0.0,0,0,0.0,0.0,0.056230753
0,0,0.0,0.0,0,0,0.0,0.0,0.056947709
0,0,0.0,0.0,0,0,0.0,0.0,0.042306151
0,0,0.0,0.0,0,0,0.0,0.0,0.042966643
0,0,0.0,0.0,0,0,0.0,0.0,0.046625226
0,0,0.0,0.0,0,0,0.0,0.0,0.053860793
0,0,0.0,0.0,0,0,0.0,0.0,0.060874394
0,0,0.0,0.0,0,0,0.0,0.0,0.060908398
0,0,0.0,0.0,0,0,0.0,0.0,0.046731595
0,0,0.0,0.0,0,0,0.0,0.0,0.056416289
0,0,0.0,0.0,0,0,0.0,0.0,0.055390466
0,0,0.0,0.0,0,0,0.0,0.0,0.062578152
0,0,0.0,0.0,0,0,0.0,0.0,0.05147943
0,0,0.0,0.0,0,0,0.0,0.0,0.049764212
0,0,0.0,0.0,0,0,0.0,0.0,0.053843961
0,0,0.0,0.0,0,0,0.0,0.0,0.043674873
0,0,0.0,0.0,0,0,0.0,0.0,0.04790787
0,0,0.0,0.0,0,0,0.0,0.0,0.055245304
0,0,0.0,0.0,0,0,0.0,0.0,0.060979571
0,0,0.0,0.0,0,0,0.0,0.0,0.054252022
0,0,0.0,0.0,0,0,0.0,0.0,0.05731731
0,0,0.0,0.0,0,0,0.0,0.0,0.044867819
0,0,0.0,0.0,0,0,0.0,0.0,0.045316756
0,0,0.0,0.0,0,0,0.0,0.0,0.04505046
0,0,0.0,0.0,0,0,0.0,0.0,0.05886691
0,0,0.0,0.0,0,0,0.0,0.0,0.05220786
0,0,0.0,0.0,0,0,0.0,0.0,0.053705733
0,0,0.0,0.0,0,0,0.0,0.0,0.056061809
0,0,0.0,0.0,0,0,0.0,0.0,0.055348027
0,0,0.0,0.0,0,0,0.0,0.0,0.043049166
0,0,0.0,0.0,0,0,0.0,0.0,0.056392295
0,0,0.0,0.0,0,0,0.0,0.0,0.061634282
0,-1,0.0,-0.000245523283207762,0,-1,0.0,0.0008726646259971648,0.046891493
5,-7,0.0016104578868489164,-0.0025001643247962455,5,-7,-0.006981317007977318,0.007853981633974483,0.06151496
13,-16,0.00533941793444224,-0.007089653614141874,13,-16,-0.014835298641951801,0.013962634015954637,0.054782993
16,-16,0.010117325290384466,-0.011867560970084103,16,-16,-0.01832595714594046,0.01832595714594046,0.057032068
14,-15,0.01414021543270937,-0.016177800408289356,14,-15,-0.021816615649929122,0.020943951023931956,0.054879673
13,-13,0.018344547462872212,-0.0203821324384522,13,-13,-0.025307274153917782,0.026179938779914945,0.06176679
14,-15,0.02315109958835851,-0.025532009715758943,14,-15,-0.0322885911618951,0.030543261909900768,0.065570274
14,-15,0.027416662421729097,-0.030102255608656002,14,-15,-0.03577924966588376,0.03490658503988659,0.058190178
13,-15,0.0305270198217765,-0.03369112953178762,13,-15,-0.03839724354387525,0.039269908169872414,0.045694962
13,-16,0.03436195496302596,-0.0384110497056331,13,-16,-0.04276056667386107,0.04276056667386107,0.056339897
13,-15,0.038243829415038885,-0.04289013561180187,13,-15,-0.04625122517784973,0.047123889803846894,0.057029493
14,-15,0.041518774864679836,-0.04639900573641717,14,-15,-0.05061454830783555,0.05061454830783555,0.044676322
14,-15,0.04504827944108281,-0.05018061778256322,14,-15,-0.05410520681182421,0.05323254218582704,0.04814898
15,-14,0.04869817950836876,-0.05358719117869677,15,-14,-0.057595865315812865,0.0567232006898157,0.046471971
15,-14,0.05290228338036514,-0.05751102145922672,15,-14,-0.06283185307179585,0.06195918844579869,0.053528313
15,-14,0.057740937132107865,-0.0620270982941866,15,-14,-0.06719517620178168,0.06544984694978735,0.061607653
14,-15,0.061991730270272424,-0.06658151951364863,14,-15,-0.07155849933176751,0.07068583470577033,0.057988692
14,-16,0.06533200651097357,-0.07039897807444993,14,-16,-0.07417649320975901,0.07504915783575616,0.045567555
14,-15,0.06990696156748255,-0.07530071563499528,14,-15,-0.07853981633974484,0.07766715171374766,0.062410861
14,-15,0.07325548514863382,-0.07888841947194307,14,-15,-0.0820304748437335,0.08290313946973064,0.045680064
14,-16,0.07755751583038271,-0.08380502596537039,14,-16,-0.08726646259971649,0.08726646259971647,0.058687667
14,-16,0.08097965646737729,-0.08771604383622132,14,-16,-0.08988445647770799,0.0916297857297023,0.046684337
14,-14,0.08517835147500993,-0.09191473884385398,14,-14,-0.09512044423369097,0.09337511498169664,0.057277977
15,-14,0.0889047089539452,-0.09539267249086023,15,-14,-0.09861110273767963,0.09773843811168247,0.047445457
15,-15,0.09250370430320852,-0.09899166784012355,15,-15,-0.1021017612416683,0.1021017612416683,0.045823832
14,-15,0.09671541528525217,-0.1035042153208846,14,-15,-0.10559241974565696,0.10559241974565696,0.057455539
14,-14,0.10082850476239578,-0.10761730479802821,14,-14,-0.11082840750163994,0.10995574287564279,0.056110159
14,-14,0.10458549809470309,-0.11137429813033552,14,-14,-0.1143190660056286,0.11431906600562862,0.051252348
14,-16,0.10874020428114474,-0.11612253377198312,14,-16,-0.11780972450961727,0.1195550537616116,0.056677888
14,-15,0.1129241604544832,-0.12060534395770289,14,-15,-0.12304571226560025,0.1221730476396031,0.057076912
14,-15,0.11633266467346165,-0.12425731276375122,14,-15,-0.1265363707695889,0.12566370614359176,0.046498311
15,-15,0.12076973358430443,-0.128694381674594,15,-15,-0.1317723585255719,0.13177235852557193,0.056494516
15,-16,0.1249872787604692,-0.13319309652916972,15,-16,-0.13526301702956056,0.1352630170295606,0.053699453
14,-16,0.1287255351210637,-0.1374653895127063,14,-16,-0.13875367553354923,0.13962634015954642,0.050996741
14,-15,0.13165447741011455,-0.14060354196526076,14,-15,-0.14137166941154072,0.14137166941154075,0.039956198
13,-15,0.1357635354960813,-0.14534476283368394,13,-15,-0.14660765716752372,0.14660765716752375,0.060367099
14,-16,0.1394870171035056,-0.149600170385026,14,-16,-0.15009831567151238,0.15184364492350674,0.050795186
14,-16,0.14370573725103078,-0.15442156483934047,14,-16,-0.15533430342749538,0.1553343034274954,0.057551157
14,-14,0.1470111797323004,-0.1577270073206101,14,-14,-0.15795229730548688,0.1579522973054869,0.045092358
14,-15,0.15092327788167317,-0.16191854105208092,14,-15,-0.16144295580947554,0.16231562043547273,0.053368265
14,-16,0.1549281479637288,-0.16649553543157308,14,-16,-0.16580627893946137,0.16755160819145573,0.054633846
14,-15,0.1592742026525064,-0.17115202259812054,14,-15,-0.17104226669544437,0.1710422666954444,0.059288236
15,-14,0.16302231393269181,-0.17465025979296026,15,-14,-0.17453292519943303,0.1736602605734359,0.047722435
14,-15,0.1665573668758803,-0.17843781651780505,14,-15,-0.17715091907742453,0.1788962483294189,0.04822467
14,-15,0.1705151937128155,-0.1826783452716642,14,-15,-0.18238690683340752,0.18238690683340755,0.053992089
14,-15,0.17465417989321738,-0.18711297332209478,14,-15,-0.1858775653373962,0.18762289458939055,0.056463438
15,-14,0.17947055354840066,-0.19160825540026585,15,-14,-0.19111355309337918,0.1911135530933792,0.061323974
14,-15,0.1827026749746868,-0.1950712426427153,14,-15,-0.19460421159736785,0.19460421159736788,0.044092123
14,-15,0.18668331542915387,-0.1993362145582157,14,-15,-0.1980948701013565,0.19809487010135654,0.054303309
13,-15,0.19052853786739116,-0.2037730096792587,13,-15,-0.20158552860534518,0.20333085785733954,0.05649103
14,-15,0.19489473600844062,-0.20845107911609742,14,-15,-0.20682151636132817,0.20856684561332253,0.05956303
14,-16,0.19881190898186626,-0.21292784822858385,14,-16,-0.21031217486531684,0.2120575041173112,0.053437495
13,-15,0.20259261753738106,-0.21729020425417786,13,-15,-0.21293016874330833,0.21554816262129986,0.055543242
13,-15,0.20574631699893986,-0.22092908824828417,13,-15,-0.21816615649929133,0.22078415037728286,0.04633171
15,-15,0.21067132692808427,-0.22585409817742857,15,-15,-0.22252947962927716,0.22427480888127152,0.062707174
15,-15,0.2152271661839303,-0.23040993743327462,15,-15,-0.22776546738526016,0.22951079663725452,0.058006747
14,-15,0.21904264490256936,-0.23449795034610216,14,-15,-0.23125612588924882,0.23300145514124318,0.052050197
14,-14,0.22314758394692424,-0.23860288939045704,14,-14,-0.23474678439323748,0.23649211364523184,0.055998972
14,-14,0.22778487269415795,-0.24324017813769075,14,-14,-0.23998277214922048,0.24172810140121484,0.063261208
14,-15,0.23199980552607552,-0.24775617760045957,14,-15,-0.24521875990520348,0.2452187599052035,0.057499491
14,-15,0.23573833223118984,-0.2517617419273678,14,-15,-0.24870941840919214,0.24870941840919217,0.051000429
15,-14,0.24025301128256635,-0.25597544237531916,15,-14,-0.25394540616517514,0.2522000769131808,0.057482679
15,-14,0.2446173219285696,-0.2600487989782555,15,-14,-0.25830872929516097,0.2574360646691638,0.055568129
15,-15,0.24799614519697102,-0.26342762224665695,15,-15,-0.26092672317315246,0.26092672317315246,0.043020514
14,-15,0.25203570946796855,-0.26775572682272575,14,-15,-0.26441738167714113,0.2652900463031383,0.055107139
14,-15,0.25593266048072194,-0.27193103147924724,14,-15,-0.26878070480712696,0.2696533694331241,0.05316163
13,-15,0.2596519723883528,-0.27622254521882134,13,-15,-0.2722713633111156,0.2731440279371128,0.05464125
14,-15,0.26340592456472367,-0.2802446368363615,14,-15,-0.2757620218151043,0.2775073510670986,0.051210861
14,-15,0.2668035515217939,-0.28388495143322245,14,-15,-0.2809980095710873,0.2809980095710873,0.046349925
15,-15,0.27096562418275755,-0.2880470240941861,15,-15,-0.28448866807507595,0.28448866807507595,0.052993155
14,-15,0.27505509370025494,-0.292428598577219,14,-15,-0.2879793265790646,0.28972465583105894,0.055787939
14,-15,0.2792179643938204,-0.29688881717746773,14,-15,-0.2932153143350476,0.2932153143350476,0.056789267
14,-15,0.2834952397129221,-0.30147161216221957,14,-15,-0.29670597283903627,0.2984513020910306,0.058349958
14,-15,0.2878250177996895,-0.3061106601123275,14,-15,-0.30019663134302493,0.30194196059501927,0.059066193
14,-15,0.29239643088850514,-0.31100860270748715,14,-15,-0.30543261909900793,0.30717794835100226,0.062362542
14,-15,0.2963834849881503,-0.31528044638567837,14,-15,-0.3089232776029966,0.3115412714809881,0.054390803
14,-15,0.3004108852951365,-0.31959551814316356,14,-15,-0.31241393610698526,0.31503192998497676,0.0549412
14,-14,0.3049404826547595,-0.32412511550278655,14,-14,-0.31764992386296825,0.3193952531149626,0.061792098
15,-15,0.3092514052322873,-0.32843603808031435,15,-15,-0.32288591161895125,0.32288591161895125,0.054888371
14,-15,0.31313917904552496,-0.332601510023069,14,-15,-0.3263765701229399,0.3263765701229399,0.053036436
15,-14,0.3167926917087431,-0.3360114551754059,15,-14,-0.3298672286269286,0.3289945640009314,0.046517968
14,-14,0.32107260061449433,-0.3402913640811572,14,-14,-0.3351032163829116,0.3342305517569144,0.058385885
14,-15,0.3244381272385971,-0.3438972854641244,14,-15,-0.33772121026090307,0.33859387488690024,0.045912017
14,-16,0.32872248231476725,-0.3487936912654617,14,-16,-0.3420845333908889,0.34295719801688607,0.058446539
14,-15,0.3317414785038409,-0.3520283300394692,14,-15,-0.3447025272688804,0.3447025272688804,0.0411847
14,-15,0.3359055205192833,-0.3564898036274432,14,-15,-0.3499385150248634,0.3499385150248634,0.056805246
14,-15,0.34019998983780997,-0.36109102075443605,14,-15,-0.35342917352885206,0.3551745027808464,0.058584516
14,-15,0.3441181461820961,-0.3652890454090283,14,-15,-0.35866516128483505,0.3569198320328407,0.05345091
14,-14,0.3474807594921394,-0.36865165871907163,14,-14,-0.3621558197888237,0.36128315516282655,0.045872274
14,-15,0.3517243269253128,-0.3731983381117574,14,-15,-0.3656464782928124,0.3656464782928124,0.05789012
14,-15,0.3559280329093636,-0.3777023088089547,14,-15,-0.3708824660487954,0.3700098014227982,0.057346336
14,-15,0.3593410163587876,-0.3813590767904805,14,-15,-0.3735004599267869,0.3735004599267869,0.046559416
14,-15,0.36295807268232855,-0.38523449427998857,14,-15,-0.37699111843077554,0.37699111843077554,0.049343348
13,-15,0.36610431987247,-0.3888647794993826,13,-15,-0.3804817769347642,0.38222710618675854,0.046222227
14,-16,0.3702598552718206,-0.3936139628129261,14,-16,-0.3857177646907472,0.3857177646907472,0.0566892
14,-16,0.3735621861521745,-0.3973880552476163,14,-16,-0.3883357585687387,0.38920842319473586,0.04504991
14,-15,0.37678016507081197,-0.4008358898032993,14,-15,-0.39182641707272736,0.39182641707272736,0.043899193
14,-14,0.37976630025308894,-0.4038220249855763,14,-14,-0.39444441095071886,0.395317075576716,0.040736415
13,-15,0.3827395065354313,-0.4072526476190483,13,-15,-0.3979350694547075,0.3988077340807047,0.043680044
14,-16,0.38649933547973975,-0.4115495949839722,14,-16,-0.4014257279586962,0.4040437218366877,0.051291031
13,-15,0.39024350181490614,-0.4158697869091642,13,-15,-0.40491638646268485,0.40753438034067635,0.055006392
13,-15,0.39416173456796155,-0.4203908247011512,13,-15,-0.4092797095926707,0.4118977034706622,0.057563641
14,-16,0.3976721409313845,-0.4244027176879202,14,-16,-0.41277036809665935,0.41538836197465084,0.047888445
15,-16,0.400989699687289,-0.42794144702755166,15,-16,-0.416261026600648,0.4197516851046367,0.04224047
14,-15,0.40497590192314215,-0.4322123779945372,14,-15,-0.4197516851046367,0.42236967898262817,0.054379182
14,-13,0.40868260083892366,-0.43565431270204863,14,-13,-0.42498767286061967,0.426733002112614,0.050566239
14,-14,0.4128624129269208,-0.43983412479004574,14,-14,-0.42847833136460833,0.43022366061660267,0.057020379
15,-15,0.41660242573102396,-0.44357413759414893,15,-15,-0.431968989868597,0.43371431912059133,0.047619322
14,-15,0.420013631929124,-0.44722900137782756,14,-15,-0.4363323129985828,0.43720497762458,0.046535171
14,-13,0.42400503521822286,-0.4509353044319908,14,-13,-0.44069563612856866,0.4398229715025715,0.054450134
15,-14,0.42766350437217054,-0.45434987564234197,15,-14,-0.4441862946325573,0.4450589592585545,0.046581076
15,-15,0.4318332019141239,-0.4585195731842953,15,-15,-0.44854961776254315,0.44854961776254315,0.053090238
14,-15,0.4357915796293309,-0.46276069216487425,14,-15,-0.4520402762665318,0.4520402762665318,0.053999604
14,-14,0.4394211165161188,-0.46639022905166216,14,-14,-0.4555309347705205,0.4555309347705205,0.049513606
15,-15,0.44373328709132825,-0.4707023996268716,15,-15,-0.4607669225265035,0.4607669225265035,0.054904261
15,-15,0.44811149229478,-0.4750806048303233,15,-15,-0.46425758103049214,0.46600291028248647,0.05574504
14,-15,0.4520162735491988,-0.4792642990314864,14,-15,-0.4677482395344808,0.46949356878647514,0.053268449
14,-14,0.4560321326815013,-0.48328015816378883,14,-14,-0.47211156266446663,0.4729842272904638,0.054783757
13,-15,0.46015551659752,-0.48803790883611814,13,-15,-0.47647488579445246,0.4782202150464468,0.060577563
13,-16,0.463520113441097,-0.492178951105136,13,-16,-0.4799655442984411,0.48171087355043546,0.049430051
14,-15,0.4669327869619338,-0.49583538702031826,14,-15,-0.48432886742842696,0.48432886742842696,0.046555188
15,-14,0.4706160235684244,-0.4992730745197095,15,-14,-0.4878195259324156,0.4878195259324156,0.046896425
15,-14,0.4752161083868851,-0.5035664870169394,15,-14,-0.4930555136883986,0.4913101844364043,0.058570099
14,-14,0.478659306135071,-0.5070096847651253,14,-14,-0.49480084294039295,0.4956735075663901,0.046971595
13,-15,0.48196935027988796,-0.5108289664706833,13,-15,-0.4991641660703788,0.500036830696376,0.048628605
13,-15,0.4851387231105436,-0.5144859351214398,13,-15,-0.5026548245743674,0.5026548245743674,0.046561971
14,-16,0.48847587235652506,-0.51829981997399,14,-16,-0.5052728184523588,0.5078908123303504,0.045524897
13,-16,0.49218392257602667,-0.5228635740902996,13,-16,-0.5096361415823446,0.5122541354603362,0.054475802
13,-15,0.49633807547040615,-0.5276568274299682,13,-15,-0.5139994647123304,0.5148721293383276,0.061029597
14,-14,0.49972714442540067,-0.5310458963849628,14,-14,-0.5183627878423162,0.5183627878423163,0.046233178
15,-14,0.5041879248994955,-0.535209291494118,15,-14,-0.5218534463463048,0.522726110972302,0.056796421
14,-15,0.5072922468916483,-0.5385353507714246,14,-15,-0.5262167694762906,0.5262167694762907,0.042348702
14,-14,0.5112872341515343,-0.5425303380313106,14,-14,-0.5279620987282849,0.5314527572322737,0.054499026
14,-14,0.5149716555939863,-0.5462147594737625,14,-14,-0.5331980864842679,0.533198086484268,0.050262333
14,-15,0.5188632168694391,-0.5503842894117478,14,-15,-0.5366887449882566,0.538434074240251,0.053088104
14,-16,0.522933082890666,-0.5550355648645785,14,-16,-0.5410520681182424,0.5445427266222311,0.055520511
13,-16,0.5267310243856467,-0.5597099543968624,13,-16,-0.544542726622231,0.5471607205002226,0.055796415
13,-15,0.5300485714443546,-0.5635378933107561,13,-15,-0.5480333851262197,0.5506513790042112,0.048738832
14,-15,0.5343835867231551,-0.5681825525380424,14,-15,-0.5532693728822027,0.5558873667601942,0.059137638
14,-15,0.5384912915942663,-0.5725836648999473,14,-15,-0.5576326960121885,0.56025068989018,0.056036703
14,-15,0.5423947804288834,-0.5767659743656085,14,-15,-0.5619960191421742,0.5628686837681715,0.053250818
15,-14,0.5457663087620636,-0.5799127341432433,15,-14,-0.5654866776461629,0.5663593422721601,0.042927632
14,-14,0.5498889045729133,-0.584035329954093,14,-14,-0.5689773361501516,0.5715953300281431,0.056239843
14,-15,0.5539551463062473,-0.5883920175255223,14,-15,-0.5742133239061346,0.5750859885321318,0.055471069
14,-15,0.5580005551648016,-0.5927263841596877,14,-15,-0.5777039824101232,0.5794493116621175,0.05518687
15,-14,0.5619637767132256,-0.5964253909382168,15,-14,-0.5811946409141119,0.5829399701661062,0.050461304
14,-14,0.5659822510329167,-0.6004438652579078,14,-14,-0.5864306286700949,0.587303293296092,0.054819433
14,-15,0.5704899293749319,-0.6052735206243527,14,-15,-0.5907939518000807,0.5916666164260778,0.061493082
15,-15,0.574670142612895,-0.6094537338623157,15,-15,-0.5960299395560636,0.5951572749300664,0.053224128
15,-15,0.5788533341592335,-0.6136369254086542,15,-15,-0.5995205980600523,0.5986479334340551,0.053262049
14,-15,0.583067049487862,-0.6181516204036135,14,-15,-0.6038839211900381,0.6038839211900381,0.057482882
14,-15,0.587268217400152,-0.6226528717382098,14,-15,-0.6073745796940268,0.6082472443200239,0.057311712
14,-15,0.5912043389001398,-0.626870144773911,14,-15,-0.6117379028240125,0.6126105674500096,0.053695988
14,-15,0.5951872363794889,-0.6311375349303565,14,-15,-0.614355896702004,0.6161012259539983,0.054334099
14,-15,0.5993816139382256,-0.6356315108861459,14,-15,-0.619591884457987,0.6213372137099813,0.057219079
14,-16,0.6033938113976827,-0.6402168794112396,14,-16,-0.6230825429619756,0.6257005368399671,0.054733805
14,-15,0.6073088186094928,-0.6444115299953219,14,-15,-0.6283185307179586,0.6283185307179585,0.05340795
15,-14,0.6113242920694092,-0.6481593052245772,15,-14,-0.6309365245959501,0.6318091892219472,0.051126596
14,-14,0.6157083547933075,-0.6525433679484756,14,-14,-0.6352998477259358,0.636172512351933,0.059806736
14,-15,0.6196388750011456,-0.6567546395997306,14,-15,-0.6405358354819188,0.6396631708559216,0.053619576
15,-15,0.6233483488543021,-0.6604641134528871,15,-15,-0.6440264939859075,0.6431538293599103,0.047230488
14,-14,0.6277652330742335,-0.6648809976728185,14,-14,-0.6475171524898962,0.6483898171158933,0.060254482
14,-15,0.6318583520228369,-0.6692664822606078,14,-15,-0.6527531402458792,0.6518804756198819,0.055837724
14,-16,0.6357936311885304,-0.6737639441642574,14,-16,-0.6562437987498678,0.6571164633758649,0.053684497
14,-15,0.6397107403143213,-0.6779608467990335,14,-15,-0.6606071218798536,0.6588617926278593,0.053436624
14,-14,0.6436747995160665,-0.6819249060007787,14,-14,-0.6649704450098394,0.6640977803838423,0.05407711
15,-14,0.6478958156808746,-0.6858645210879329,15,-14,-0.668461103513828,0.6675884388878309,0.053743647
14,-15,0.6517918363214356,-0.6900388289171054,14,-15,-0.6728244266438138,0.6710790973918196,0.053148938
15,-14,0.656080727616542,-0.6940417941258715,15,-14,-0.6771877497737996,0.6754424205218054,0.05460786
14,-15,0.6603847847093283,-0.6986532838681425,14,-15,-0.6815510729037854,0.6815510729037855,0.058715311
13,-16,0.6642902568523316,-0.7034600188133773,13,-16,-0.685041731407774,0.6859143960337712,0.057376172
13,-15,0.6684120805853707,-0.7082159692745763,13,-15,-0.6894050545377598,0.690277719163757,0.060554642
14,-15,0.6726411950691814,-0.7127471633643735,14,-15,-0.6937683776677456,0.6946410422937428,0.057692955
14,-16,0.6766527806615813,-0.7173318326128305,14,-16,-0.6981317007977313,0.6998770300497258,0.054725458
14,-15,0.6807867025736817,-0.7217610346615094,14,-15,-0.7024950239277171,0.7024950239277172,0.056394352
14,-14,0.6848158383488095,-0.7257901704366373,14,-14,-0.7068583470577029,0.7059856824317059,0.054964875
14,-14,0.68879256533178,-0.7297668974196078,14,-14,-0.7103490055616916,0.7094763409356946,0.054249922
15,-15,0.6928529137723991,-0.7338272458602269,15,-15,-0.7155849933176746,0.7155849933176747,0.051697962
14,-15,0.6971862524460323,-0.7384701087248339,14,-15,-0.7190756518216632,0.7199483164476604,0.059114766
14,-14,0.7013730393200153,-0.7426568955988169,14,-14,-0.723438974951649,0.7216936456996548,0.057115528
14,-15,0.705404635391542,-0.7469764628183098,14,-15,-0.7278022980816348,0.7278022980816349,0.054998438
15,-16,0.709983522156493,-0.7518606087009241,15,-16,-0.7330382858376178,0.7330382858376179,0.058300197
14,-16,0.7138263885782636,-0.7562524560400906,14,-16,-0.7356562797156092,0.7365289443416065,0.052423816
13,-15,0.7177093073270906,-0.7607327469041216,13,-15,-0.740019602845595,0.7408922674715923,0.057044835
14,-16,0.7217219145549494,-0.7653185837359603,14,-16,-0.745255590601578,0.7452555906015781,0.054739395
14,-15,0.7265868421843283,-0.7705310061960092,14,-15,-0.7487462491055666,0.7487462491055668,0.066366624
14,-15,0.730059960502835,-0.7742522043944091,14,-15,-0.7522369076095553,0.7531095722355525,0.047379767
14,-14,0.7335557308772351,-0.7777479747688093,14,-14,-0.7566002307395411,0.7574728953655383,0.047688783
14,-16,0.7380514332795594,-0.7828859203714655,14,-16,-0.7609635538695269,0.7618362184955241,0.061329708
13,-16,0.7412302423549889,-0.7867983007719943,13,-16,-0.7635815477475183,0.7653268769995127,0.046700601
14,-14,0.7453130171071255,-0.7908810755241309,14,-14,-0.7688175355035013,0.7688175355035014,0.05569661
15,-14,0.7497697476755908,-0.7950406907213652,15,-14,-0.7731808586334871,0.7723081940074901,0.056744856
15,-15,0.7533395780494545,-0.7986105210952289,15,-15,-0.7775441817634728,0.7757988525114787,0.045452492
14,-15,0.7567632574804187,-0.8022787490569763,14,-15,-0.7792895110154672,0.7810348402674617,0.046705329
14,-15,0.7606076940701977,-0.8063977882603108,14,-15,-0.783652834145453,0.7836528341454532,0.052445236
14,-15,0.7640175130666456,-0.810051165756505,14,-15,-0.7871434926494416,0.7888888219014362,0.046516247
14,-16,0.7681516971865407,-0.8147759476078138,14,-16,-0.7923794804054246,0.7932521450314219,0.056397929
14,-16,0.772127129403987,-0.8193192987134665,14,-16,-0.7958701389094133,0.7967428035354106,0.054232259
14,-15,0.7758498444732758,-0.8233079220019902,14,-15,-0.7993607974134019,0.799360797413402,0.050784729
14,-14,0.7792540525747724,-0.8267121301034869,14,-14,-0.8028514559173906,0.804596785169385,0.046439704
14,-15,0.7834778213035798,-0.8312375965986376,14,-15,-0.8080874436733736,0.8080874436733737,0.057620029
14,-15,0.7874791737548131,-0.8355247599392448,14,-15,-0.8115781021773623,0.8133234314293567,0.054585859
14,-15,0.7916739560972913,-0.8400191695918999,14,-15,-0.8150687606813509,0.8168140899333454,0.057224601
14,-15,0.7958913530374067,-0.844537809170595,14,-15,-0.8203047484373339,0.8220500776893284,0.057533106
14,-15,0.7999634884718626,-0.8489008114217979,14,-15,-0.8237954069413226,0.825540736193317,0.05555147
14,-15,0.804257285227762,-0.8535013079459758,14,-15,-0.8290313946973056,0.8307767239493,0.058575341
15,-14,0.8086878525340683,-0.8576365040985284,15,-14,-0.8342673824532886,0.8325220532012944,0.056411735
15,-14,0.812725438486576,-0.8614049176542022,15,-14,-0.8377580409572772,0.8377580409572774,0.051408141
14,-15,0.816790633807757,-0.8657604840697533,14,-15,-0.8412486994612659,0.841248699461266,0.055456794
14,-15,0.8209500470529435,-0.8702169982610245,14,-15,-0.8464846872172489,0.846484687217249,0.056742101
15,-14,0.8250309656997805,-0.874025855664739,15,-14,-0.8499753457212376,0.8491026810952405,0.05195987
14,-15,0.8284540518095561,-0.8776934479252129,14,-15,-0.852593339599229,0.8534660042252262,0.046697235
13,-16,0.8319367714059347,-0.8819798720438327,13,-16,-0.8560839981032177,0.857829327355212,0.051165419
13,-16,0.835085518659802,-0.8858552532793615,13,-16,-0.8595746566072063,0.8613199858592007,0.046258956
14,-15,0.8385220113800911,-0.8895372097653856,14,-15,-0.863065315111195,0.8648106443631893,0.046880126
13,-15,0.8426654264364443,-0.894318073291947,13,-15,-0.8674286382411808,0.8700466321191723,0.060871845
13,-16,0.8464338226086388,-0.8989560993500325,13,-16,-0.8717919613711665,0.873537290623161,0.055362358
14,-16,0.8497237178609925,-0.9027159796384369,14,-16,-0.8761552845011523,0.8770279491271497,0.044880265
15,-14,0.8533206022956121,-0.9060730717774151,15,-14,-0.879645943005141,0.8796459430051411,0.045796955
15,-14,0.8577009258749901,-0.9101613737848346,15,-14,-0.8831366015091296,0.8848819307611241,0.055772012
14,-15,0.8620954225192414,-0.9148697630465324,14,-15,-0.8883725892651126,0.8892452538911099,0.059949074
14,-15,0.8660780270031877,-0.9191368392793321,14,-15,-0.8927359123950984,0.8936085770210956,0.054330102
15,-14,0.8704381013685772,-0.9232062420203623,15,-14,-0.8970992355250842,0.8970992355250843,0.055514191
13,-15,0.8744637285659057,-0.9278511964788182,13,-15,-0.9005898940290729,0.9014625586550701,0.059141397
14,-15,0.8779186607176674,-0.931552909498563,14,-15,-0.9040805525330615,0.9058258817850559,0.047131674
14,-15,0.8817108582136521,-0.9356159782442608,14,-15,-0.9093165402890445,0.9093165402890445,0.051732598
15,-14,0.8860605230688636,-0.9396756654424582,15,-14,-0.9128071987930332,0.9128071987930332,0.055381653
13,-16,0.8892048329801873,-0.9435455853333181,13,-16,-0.9154251926710246,0.9180431865490162,0.046193766
14,-15,0.8933162621989172,-0.9479506880676717,14,-15,-0.9197885158010104,0.9215338450530048,0.05608751
15,-14,0.8975945576088615,-0.9519437637836197,15,-14,-0.9250245035569934,0.9250245035569935,0.054472949
14,-14,0.9018302281671893,-0.9561794343419474,14,-14,-0.9276424974349848,0.9302604913129765,0.057782392
13,-15,0.9055450073692316,-0.9604657180366116,13,-15,-0.9311331559389735,0.9337511498169652,0.054574659
14,-15,0.9094467777421952,-0.9646461862933583,14,-15,-0.9363691436949565,0.9372418083209538,0.053227375
15,-15,0.9134238679299282,-0.9686232764810914,15,-15,-0.9398598021989452,0.9416051314509396,0.050637885
14,-14,0.9174616808991571,-0.9726610894503203,14,-14,-0.9433504607029338,0.9450957899549283,0.055083248
13,-15,0.9211203525968192,-0.9768826337168534,13,-15,-0.9468411192069225,0.9503317777109113,0.053750371
14,-16,0.9251906256009024,-0.9815343742929484,14,-16,-0.9520771069629055,0.9538224362148999,0.055526063
15,-15,0.9294147752687629,-0.985758523960809,15,-15,-0.9555677654668941,0.9564404300928914,0.053783544
15,-14,0.9337408310551827,-0.9897961760281341,15,-14,-0.9608037532228771,0.9608037532228771,0.055081053
14,-15,0.937922697409672,-0.9942767471222298,14,-15,-0.9642944117268658,0.9642944117268658,0.057048403
14,-15,0.9419275817126704,-0.998567694589728,14,-15,-0.9695303994828488,0.9695303994828488,0.05463404
15,-14,0.9464479060489658,-1.0027866639702705,15,-14,-0.9730210579868375,0.9721483933608402,0.057554557
14,-14,0.9504077946293837,-1.0067465525506885,14,-14,-0.9765117164908261,0.9773843811168232,0.054020215
14,-15,0.9545198305105991,-1.011152305280562,14,-15,-0.9817477042468091,0.981747704246809,0.056095786
13,-16,0.9580658937673806,-1.01551669082737,13,-16,-0.9852383627507978,0.986983692002792,0.052096015
13,-15,0.9622658677540344,-1.0203628146581245,13,-15,-0.9887290212547865,0.9904743505067807,0.061702765
14,-15,0.9664009023449488,-1.0247932088626757,14,-15,-0.9939650090107695,0.9957103382627637,0.056409531
14,-15,0.9704029187822615,-1.0290810836169393,14,-15,-0.9974556675147581,0.9992009967667523,0.054594917
14,-15,0.9745323064860447,-1.0335054275852784,14,-15,-1.002691655270741,1.002691655270741,0.056332497
14,-14,0.9789803408014136,-1.0379534619006474,14,-14,-1.0079276430267239,1.0079276430267239,0.060679427
14,-14,0.9831438579614433,-1.0421169790606772,14,-14,-1.0114183015307125,1.008800307652721,0.056798086
12,-10,0.9860571018167239,-1.044544682273411,12,-10,-1.0114183015307125,1.0105456369047152,0.046365716
7,-6,0.9882636962303863,-1.046436048913693,7,-6,-1.0114183015307125,1.0105456369047152,0.06020407
3,-4,0.9891638680046132,-1.0476362779459953,3,-4,-1.0114183015307125,1.0105456369047152,0.057306715
2,-2,0.9896439342753535,-1.0481163442167356,2,-2,-1.0114183015307125,1.0105456369047152,0.045842952
1,-2,0.9899412796268747,-1.0487110349197781,1,-2,-1.0114183015307125,1.0105456369047152,0.056788779
1,-1,0.9902422645501371,-1.0490120198430404,1,-1,-1.0114183015307125,1.0105456369047152,0.057483886
0,-1,0.9902422645501371,-1.0493213107655237,0,-1,-1.0114183015307125,1.0105456369047152,0.059070215
0,-1,0.9902422645501371,-1.0495849821864973,0,-1,-1.0114183015307125,1.0105456369047152,0.050357532
0,-1,0.9902422645501371,-1.049881425057933,0,-1,-1.0114183015307125,1.0105456369047152,0.056616418
0,0,0.9902422645501371,-1.049881425057933,0,0,-1.0114183015307125,1.0105456369047152,0.056243542
0,0,0.9902422645501371,-1.049881425057933,0,0,-1.0114183015307125,1.0105456369047152,0.061082779
0,0,0.9902422645501371,-1.049881425057933,0,0,-1.0114183015307125,1.0105456369047152,0.047296863
0,0,0.9902422645501371,-1.049881425057933,0,0,-1.0114183015307125,1.0105456369047152,0.042163639
0,0,0.9902422645501371,-1.049881425057933,0,0,-1.0114183015307125,1.0105456369047152,0.045764545
0,0,0.9902422645501371,-1.049881425057933,0,0,-1.0114183015307125,1.0105456369047152,0.054667443
0,0,0.9902422645501371,-1.049881425057933,0,0,-1.0114183015307125,1.0105456369047152,0.052033539
0,0,0.9902422645501371,-1.049881425057933,0,0,-1.0114183015307125,1.0105456369047152,0.062237984
0,0,0.9902422645501371,-1.049881425057933,0,0,-1.0114183015307125,1.0105456369047152,0.060342207
0,0,0.9902422645501371,-1.049881425057933,0,0,-1.0114183015307125,1.0105456369047152,0.050259681
0,0,0.9902422645501371,-1.049881425057933,0,0,-1.0114183015307125,1.0105456369047152,0.056435731
0,0,0.9902422645501371,-1.049881425057933,0,0,-1.0114183015307125,1.0105456369047152,0.055800055
0,0,0.9902422645501371,-1.049881425057933,0,0,-1.0114183015307125,1.0105456369047152,0.057254678
0,0,0.9902422645501371,-1.049881425057933,0,0,-1.0114183015307125,1.0105456369047152,0.061326514
0,0,0.9902422645501371,-1.049881425057933,0,0,-1.0114183015307125,1.0105456369047152,0.062770207
-1,1,0.9899215427228722,-1.049560703230668,-1,1,-1.0096729722787183,1.0079276430267237,0.061253357
-5,5,0.9886547093083199,-1.0482938698161155,-5,5,-1.003564319896738,1.0026916552707408,0.048389472
-14,13,0.9847370998105951,-1.0446560895682282,-14,13,-0.997455667514758,0.9957103382627635,0.05344345
-16,16,0.980161935681095,-1.0400809254387282,-16,16,-0.9930923443847722,0.9922196797587748,0.054611999
-15,14,0.9756624608386044,-1.035881415585737,-15,14,-0.9904743505067808,0.987856356628789,0.057289093
-14,11,0.971661193493116,-1.0327375626714246,-14,11,-0.9869836920027921,0.9869836920027919,0.054584698
-15,12,0.9674309118290947,-1.0293533373402075,-15,12,-0.9817477042468091,0.9817477042468089,0.053861619
-16,14,0.962811313934636,-1.0253111891825561,-16,14,-0.9765117164908261,0.9773843811168231,0.055142388
-15,14,0.9583255329018234,-1.0211244602185976,-15,14,-0.9730210579868375,0.9730210579868374,0.057114738
-14,13,0.9548093751933137,-1.0178594566321242,-14,13,-0.9695303994828488,0.9695303994828487,0.047966904
-15,14,0.9502023806774309,-1.0135595950839669,-15,14,-0.9660397409788601,0.9642944117268657,0.058658076
-14,14,0.9460553831949069,-1.009412597601443,-14,14,-0.9616764178488744,0.9599310885968799,0.056572727
-15,14,0.9418012586490606,-1.005442081358653,-15,14,-0.9573130947188886,0.9564404300928913,0.054165196
-15,14,0.9370426672865372,-1.0010007294202978,-15,14,-0.9538224362148999,0.9512044423369083,0.060588267
-15,15,0.9328542688645346,-0.9968123309982952,-15,15,-0.9494591130849142,0.9477137838329196,0.053328345
-15,14,0.9282023930847637,-0.992470580270509,-15,14,-0.943350460702934,0.9433504607029338,0.059229522
-16,13,0.9234393488131051,-0.9886006067997865,-16,13,-0.9398598021989454,0.9398598021989452,0.056854653
-15,14,0.9186917491764183,-0.9841695138055454,-15,14,-0.9363691436949567,0.9354964790689594,0.060448316
-14,15,0.91542698892724,-0.9806715563957115,-14,15,-0.932878485190968,0.9328784851909679,0.044537377
-15,14,0.9118297502780487,-0.9773141336564662,-15,14,-0.9285151620609823,0.927642497434985,0.045801465
-15,14,0.9076147329844126,-0.9733801175157393,-15,14,-0.9258971681829908,0.9250245035569935,0.053667267
-15,15,0.9042097241485445,-0.9699751086798711,-15,15,-0.9224065096790022,0.9206611804270077,0.043353919
-14,15,0.9000538659924366,-0.9655224035126128,-14,15,-0.9189158511750135,0.916297857297022,0.056693603
-14,14,0.8965729576760665,-0.9620414951962426,-14,14,-0.9154251926710248,0.9119345341670362,0.047486037
-15,13,0.8918670768975628,-0.9579630651882061,-15,13,-0.9101892049150418,0.9084438756630475,0.059917135
-16,14,0.8871572121659314,-0.9538419335480285,-16,14,-0.9049532171590589,0.9032078879070645,0.056219869
-15,14,0.8827860672992695,-0.9497621983391441,-15,14,-0.9014625586550702,0.8997172294030759,0.055655145
-15,13,0.878488694253777,-0.946037808366384,-15,13,-0.8979719001510815,0.8953539062730901,0.054715853
-16,13,0.873674151571152,-0.9421259924367512,-16,13,-0.8927359123950985,0.8918632477691014,0.05746937
-16,14,0.8690837554087271,-0.9381093957946294,-16,14,-0.8883725892651128,0.8874999246391156,0.054793818
-15,14,0.8645969947487853,-0.933921752512017,-15,14,-0.884009266135127,0.8831366015091299,0.057127211
-15,13,0.8601862177483206,-0.9300990791116143,-15,13,-0.8796459430051412,0.8796459430051412,0.056159757
-16,13,0.8551515062206743,-0.9260083759954016,-16,13,-0.8744099552491582,0.8744099552491582,0.060097442
-15,15,0.8507667225222059,-0.9216235922969332,-15,15,-0.8717919613711668,0.8700466321191724,0.0558288
-14,15,0.8469155248271013,-0.9174973090521784,-14,15,-0.867428638241181,0.867428638241181,0.05253747
-15,14,0.8433670915266419,-0.9141854379717497,-15,14,-0.8630653151111952,0.862192650485198,0.045180056
-15,14,0.839340560917222,-0.9104273427362911,-15,14,-0.8595746566072066,0.8595746566072066,0.05126738
-15,14,0.8356244480148505,-0.9069589706940777,-15,14,-0.8560839981032179,0.8560839981032179,0.047315019
-15,14,0.8319215473945428,-0.903502930115124,-15,14,-0.8525933395992292,0.8525933395992292,0.047146795
-15,14,0.8274877569712535,-0.8993647257200539,-15,14,-0.8491026810952406,0.8473573518432462,0.056452773
-15,14,0.8228486235698255,-0.895034867878721,-15,14,-0.8438666933392576,0.8429940287132605,0.059067281
-15,15,0.8183830249136177,-0.8905692692225132,-15,15,-0.8412486994612661,0.8377580409572775,0.056857768
-14,15,0.8145663201151417,-0.8864799426527176,-14,15,-0.8360127117052831,0.8342673824532888,0.052066923
-14,14,0.8110222622364347,-0.8829358847740105,-14,14,-0.8342673824532888,0.8307767239493001,0.048347514
-14,14,0.8071652348344506,-0.8790788573720264,-14,14,-0.8290313946973058,0.8264134008193144,0.052616998
-15,14,0.8036930464168975,-0.8758381481823102,-15,14,-0.8255407361933171,0.8229227423153257,0.044209276
-15,14,0.8003898233765899,-0.8727551400113565,-15,14,-0.8229227423153257,0.8203047484373343,0.042057942
-15,14,0.7966797213619823,-0.869292378131056,-15,14,-0.819432083811337,0.8168140899333456,0.047238486
-16,13,0.7923000390235527,-0.8657338862310819,-16,13,-0.814196096055354,0.8141960960553541,0.052278607
-16,13,0.7884648385067359,-0.8626177858111682,-16,13,-0.8107054375513654,0.8098327729253684,0.045779334
-15,14,0.7837818822439847,-0.8582470266326004,-15,14,-0.8072147790473767,0.8045967851693854,0.059625251
-15,14,0.7796768923215368,-0.8544157027049823,-15,14,-0.8028514559173909,0.8011061266653967,0.052266355
-15,14,0.7757226737922598,-0.8507250987443238,-15,14,-0.7984881327874052,0.7967428035354109,0.050346674
-15,15,0.7715451372697774,-0.8465475622218414,-15,15,-0.7941248096574194,0.7923794804054252,0.053190047
-15,15,0.7675005668499424,-0.8425029918020064,-15,15,-0.7906341511534307,0.7888888219014365,0.05149707
-16,14,0.7622795590454897,-0.8379346099731103,-16,14,-0.786270828023445,0.7845254987714507,0.06232119
-15,13,0.7577166249738745,-0.8339800671110438,-15,13,-0.781034840267462,0.7810348402674621,0.058097081
-15,13,0.7541965455681313,-0.8309293316260664,-15,13,-0.7784168463894705,0.7775441817634734,0.044819043
-15,14,0.7507608599439388,-0.8277226917101534,-15,14,-0.7749261878854818,0.7740535232594847,0.043744508
-16,14,0.7463406021352084,-0.8238549661275143,-16,14,-0.7696902001294988,0.769690200129499,0.052762941
-15,14,0.7427330940123316,-0.8204879585461626,-15,14,-0.7670722062515074,0.7661995416255103,0.04593222
-15,14,0.7383013690291323,-0.8163516818951767,-15,14,-0.7627088831215216,0.7618362184955245,0.056426475
-15,14,0.7334183120068238,-0.8117941620076887,-15,14,-0.7574728953655386,0.7574728953655387,0.062173013
-16,14,0.7295633957760469,-0.8084211103057589,-16,14,-0.75398223686155,0.753109572235553,0.046014673
-15,14,0.7249316061616058,-0.8040981066656139,-15,14,-0.7504915783575613,0.7487462491055672,0.058973777
-15,15,0.7205577914124273,-0.7997242919164353,-15,15,-0.7461282552275755,0.7426375967235871,0.055689139
-15,15,0.7157179158953015,-0.7948844163993096,-15,15,-0.7417649320975898,0.7391469382195984,0.061623209
-15,14,0.7115108411762123,-0.7909578133281596,-15,14,-0.737401608967604,0.736528944341607,0.053566139
-15,13,0.7078665794038016,-0.7877994531254037,-15,13,-0.7330382858376182,0.7321656212116212,0.046400182
-15,14,0.7037669614477117,-0.7839731430330531,-15,14,-0.7295476273336295,0.7278022980816354,0.052197957
-15,14,0.6995523106993985,-0.7800394690012942,-15,14,-0.7251843042036438,0.7243116395776468,0.0536626
-15,13,0.6952998793934527,-0.7763540285361411,-15,13,-0.7216936456996551,0.7208209810736581,0.054143637
-14,14,0.6907396707215323,-0.7717938198642207,-14,14,-0.7164576579436721,0.714712328691678,0.062209693
-14,15,0.6865050745041164,-0.7672567524884178,-14,15,-0.7129669994396834,0.7112216701876893,0.057767736
-15,14,0.6828156528085492,-0.7638132922392218,-15,14,-0.7086036763096977,0.7068583470577036,0.046975176
-15,14,0.6783253881732412,-0.7596223785796009,-15,14,-0.7042403531797119,0.7033676885537149,0.057171825
-15,14,0.6740528446267465,-0.7556346712695392,-15,14,-0.7007496946757232,0.6990043654237291,0.054399714
-15,14,0.669424761934557,-0.7513151274234957,-15,14,-0.6955137069197402,0.6946410422937433,0.058926579
-16,14,0.6642879424462594,-0.7468204103712354,-16,14,-0.6911503837897545,0.6902777191637576,0.061316266
-15,13,0.6597155627836321,-0.7428576813302916,-15,13,-0.6859143960337715,0.6859143960337718,0.058217346
-16,14,0.6551029890714679,-0.7388216793321479,-16,14,-0.6824237375297828,0.681551072903786,0.055058543
-15,14,0.6503735989697392,-0.7344075819038678,-15,14,-0.6771877497737998,0.6780604143997974,0.060216465
-15,14,0.646002007839841,-0.7303274301826294,-15,14,-0.6736970912698111,0.6728244266438144,0.055660827
-14,14,0.6419027402393997,-0.7262281625821881,-14,14,-0.6702064327658225,0.6675884388878314,0.055921603
-15,15,0.6377289554068643,-0.7220543777496526,-15,15,-0.6667157742618338,0.6640977803838427,0.053142279
-15,15,0.6334923456327608,-0.7178177679755492,-15,15,-0.662352451131848,0.660607121879854,0.053942191
-14,14,0.6293035749372647,-0.7136289972800531,-14,14,-0.6579891280018623,0.655371134123871,0.057142591
-15,15,0.6247892786104132,-0.7091147009532016,-15,15,-0.6527531402458793,0.650135146367888,0.057477806
-15,15,0.6203944339614718,-0.7047198563042602,-15,15,-0.6492624817418906,0.6483898171158937,0.0559569
-15,14,0.6170600360333246,-0.7016077515713228,-15,14,-0.6457718232379019,0.6440264939859079,0.042454873
-15,13,0.6126660301896216,-0.697799613173447,-15,13,-0.6414085001079162,0.6405358354819193,0.05594622
-16,14,0.6079513535433545,-0.6936742711079632,-16,14,-0.6370451769779304,0.6361725123519335,0.056277307
-15,14,0.6035962079441394,-0.6896094685486958,-15,14,-0.6326818538479446,0.6335545184739421,0.055451436
-15,13,0.5988466338950096,-0.68549317103945,-15,13,-0.6283185307179588,0.6291911953439563,0.060473455
-15,13,0.5951412294253571,-0.6822818204990845,-15,13,-0.6248278722139702,0.6248278722139705,0.047178675
-15,15,0.5908688439795127,-0.6780094350532401,-15,15,-0.6204645490839844,0.6213372137099819,0.054397701
-14,15,0.5877473093687624,-0.6746649336845791,-14,15,-0.6187192198319901,0.6161012259539989,0.042583514
-14,14,0.5833815992112998,-0.6702992235271166,-14,14,-0.6134832320760071,0.6126105674500102,0.059556373
-15,14,0.5792808850749933,-0.6664718903332305,-15,14,-0.6108652381980156,0.6082472443200244,0.052211914
-15,15,0.5748952042947427,-0.6620862095529799,-15,15,-0.6056292504420326,0.6038839211900386,0.055840222
-14,14,0.5708646787523287,-0.6580556840105659,-14,14,-0.602138591938044,0.60039326268605,0.054983834
-15,14,0.5659904643708622,-0.6535064172545305,-15,14,-0.5977752688080582,0.5960299395560642,0.062060425
-16,13,0.561813459327317,-0.65011260065665,-16,13,-0.5925392810520752,0.5916666164260784,0.049859325
-16,14,0.5571065212196258,-0.6459940298124202,-16,14,-0.5899212871740838,0.5873032932960927,0.056184935
-15,14,0.5523105086976693,-0.6415177514585941,-15,14,-0.5838126347921037,0.5829399701661069,0.061064728
-16,14,0.5475991188275242,-0.6373952853222172,-16,14,-0.580321976288115,0.5794493116621182,0.056238074
-15,14,0.5431472146093128,-0.6332401747185533,-15,14,-0.5768313177841263,0.5742133239061352,0.056683405
-14,15,0.5391897919696884,-0.6290000790332415,-14,15,-0.5724679946541406,0.5707226654021466,0.053986575
-15,14,0.5344946085497896,-0.624617907841336,-15,14,-0.5681046715241548,0.5663593422721608,0.059780932
-16,13,0.5296766345777806,-0.6207033039890786,-16,13,-0.5628686837681718,0.561996019142175,0.057510328
-15,14,0.5253233789607059,-0.6166402654131422,-15,14,-0.5593780252641831,0.556760031386192,0.055427372
-15,14,0.5208854054282586,-0.612498156782858,-15,14,-0.5541420375082001,0.5532693728822033,0.056506034
-15,13,0.5165593454792285,-0.608748904827032,-15,13,-0.5506513790042115,0.5497787143782147,0.055081106
-15,14,0.5120957137741812,-0.6045828485689878,-15,14,-0.5471607205002228,0.5445427266222317,0.056832724
-15,15,0.5077763980391803,-0.6002635328339869,-15,15,-0.542797397370237,0.5393067388662487,0.054995236
-15,13,0.5032850632203348,-0.5963710426576542,-15,13,-0.5384340742402512,0.5375614096142544,0.057185451
-15,13,0.499128629482565,-0.5927688000849203,-15,13,-0.5331980864842683,0.5331980864842686,0.052921358
-15,14,0.4955432102903347,-0.5894224088388387,-15,14,-0.5305800926062768,0.5288347633542828,0.045650975
-15,15,0.4908369862142938,-0.5847161847627977,-15,15,-0.526216769476291,0.5235987755982998,0.059921506
-15,14,0.4863393824258479,-0.5805184212269149,-15,14,-0.520980781720308,0.5201081170943112,0.05726527
-16,13,0.48164599773529493,-0.5767050461658406,-16,13,-0.5174901232163194,0.5166174585903225,0.056023153
-15,14,0.47695338492358497,-0.5723252742082446,-15,14,-0.5139994647123307,0.5113814708343395,0.059748202
-15,14,0.4727871649676195,-0.5684368022493436,-15,14,-0.5087634769563477,0.5078908123303508,0.05304596
-16,14,0.4683421369155647,-0.5645474027037956,-16,14,-0.505272818452359,0.5026548245743678,0.053058614
-15,14,0.46404191837252623,-0.5605338653969597,-15,14,-0.5009094953223733,0.49916416607037917,0.054752083
-14,15,0.4600823365686309,-0.5562914563213576,-14,15,-0.49654617219238745,0.49392817831439617,0.05401603
-15,15,0.4555044424684187,-0.5517135622211453,-15,15,-0.49131018443640445,0.4913101844364047,0.058287558
-16,14,0.45142643814095074,-0.5481453084346108,-16,14,-0.48869219055841295,0.487819525932416,0.048677591
-15,13,0.44761985600953563,-0.5448462705873844,-15,13,-0.4843288674284271,0.48432886742842735,0.048466909
-16,14,0.44279766786325314,-0.5406268559593873,-16,14,-0.4799655442984413,0.4782202150464472,0.057560631
-15,14,0.4379290920908211,-0.5360828519051174,-15,14,-0.47560222116845546,0.4756022211684557,0.061988632
-15,14,0.43418834391841754,-0.5325914869442074,-15,14,-0.4721115626644668,0.4703662334124727,0.047628685
-15,14,0.4296544033697828,-0.528359809098815,-15,14,-0.46774823953448097,0.466875574908484,0.057727924
-15,14,0.42606164266822016,-0.5250065657773565,-15,14,-0.4642575810304923,0.46338491640449536,0.04574445
-15,14,0.4224293041824076,-0.5216163831905981,-15,14,-0.46076692252650364,0.4598942579005067,0.04624837
-15,13,0.41758736149731585,-0.5174200328635186,-15,13,-0.45553093477052065,0.45553093477052087,0.061649529
-15,13,0.41398823742129354,-0.5143007919976326,-15,13,-0.452040276266532,0.4520402762665322,0.045825471
-15,15,0.409296417704649,-0.509608972280988,-15,15,-0.4485496177625433,0.44593162388455204,0.059738104
-14,15,0.4051674196840184,-0.5051850458303124,-14,15,-0.4433136300065603,0.4424409653805634,0.056327181
-15,14,0.4006137665839602,-0.5009349696035914,-15,14,-0.43982297150257166,0.4389503068765747,0.057978912
-15,14,0.3969540514743661,-0.49751923550130356,-15,14,-0.436332312998583,0.4337143191205917,0.04659694
-14,15,0.39275271716238525,-0.4930178058813241,-14,15,-0.43196898986859716,0.4284783313646087,0.057313982
-14,15,0.38884198085153987,-0.48882773126256124,-14,15,-0.42760566673861133,0.4267330021126144,0.053349687
-16,14,0.3847259702063552,-0.48522622194802467,-16,14,-0.4232423436086255,0.42236967898262856,0.049131258
-15,13,0.38012800156470594,-0.4812413157919287,-15,13,-0.41975168510463684,0.4188790204786399,0.058543155
-15,14,0.3768272845728581,-0.47816064659953733,-15,14,-0.4162610266006482,0.4136430327226569,0.042026034
-15,14,0.3722890775843201,-0.4739249867435686,-15,14,-0.4127703680966595,0.41015237421866824,0.057782246
-14,14,0.36827615940162045,-0.4699120685608689,-14,14,-0.40927970959267085,0.4066617157146796,0.054743637
-14,14,0.36417353397270336,-0.46580944313195183,-14,14,-0.40404372183668785,0.4005530633326994,0.05596741
-15,15,0.35988553779588367,-0.46152144695513214,-15,15,-0.4005530633326992,0.39706240482871075,0.054596463
-15,14,0.3556014940567815,-0.4575230061319701,-15,14,-0.3953170755767162,0.39444441095071925,0.054546139
-15,13,0.35192220407606195,-0.4543342881486798,-15,13,-0.39182641707272753,0.3909537524467306,0.046846175
-15,13,0.34720037327457637,-0.4502420347873923,-15,13,-0.38833575856873886,0.3857177646907476,0.060120217
-15,14,0.34249145182708307,-0.44584704143639853,-15,14,-0.38309977081275587,0.3822271061867589,0.05995585
-14,14,0.3383359659078168,-0.44169155551713224,-14,14,-0.3796091123087672,0.37699111843077593,0.056688525
-14,14,0.33396080307505066,-0.4373163926843661,-14,14,-0.3752457891787814,0.37350045992678726,0.059685325
-15,15,0.33030912415946445,-0.4336647137687799,-15,15,-0.37088246604879554,0.3673918075448071,0.04649462
-15,15,0.325336440483262,-0.42869203009257745,-15,15,-0.3673918075448069,0.36390114904081844,0.063314175
-15,14,0.3207317229151947,-0.42439429369571463,-15,14,-0.3621558197888239,0.3595378259108326,0.058629085
-15,13,0.317016635978444,-0.42117455168386403,-15,13,-0.3586651612848352,0.35604716740684395,0.047301956
-16,14,0.31233562279598504,-0.41707866514921244,-16,14,-0.3534291735288522,0.3525565089028553,0.055875479
-16,14,0.3082649155086054,-0.4135167962727553,-16,14,-0.34993851502486356,0.3490658503988666,0.048590489
-15,14,0.3045415648479989,-0.41004166898952255,-15,14,-0.3464478565208749,0.3447025272688808,0.047407173
-15,13,0.3001882705893345,-0.40626881396534675,-15,13,-0.34208453339088907,0.34033920413889496,0.055427864
-16,14,0.29580598031012345,-0.4024343099710371,-16,14,-0.3385938748869004,0.3359758810089091,0.052309737
-15,14,0.2912498036472264,-0.3981818784189998,-15,14,-0.33510321638291174,0.33248522250492046,0.058011043
-14,14,0.28790015008755754,-0.39483222485933095,-14,14,-0.3316125578789231,0.3289945640009318,0.045695479
-15,13,0.2837556908443461,-0.391240360181881,-15,13,-0.3263765701229401,0.32550390549694314,0.052768894
-16,14,0.2790001465177734,-0.3870792588961299,-16,14,-0.3228859116189514,0.32201324699295447,0.056765129
-15,14,0.275237268495479,-0.38356723940865517,-15,14,-0.3185225884889656,0.31764992386296864,0.047910451
-15,14,0.2708319561383556,-0.37945561454200666,-15,14,-0.31415926535897976,0.31415926535898,0.056090179
-15,13,0.26654886288811075,-0.37574360039179444,-15,13,-0.3106686068549911,0.308923277602997,0.054534037
-15,14,0.2617936091536225,-0.37130536357293875,-15,14,-0.3054326190990081,0.30455995447301115,0.060545771
-15,14,0.2573991224891639,-0.3672038426861107,-15,14,-0.30194196059501943,0.3010692959690225,0.055952342
-15,14,0.25323543614913374,-0.3633177354354159,-15,14,-0.2975786374650336,0.29670597283903666,0.053013701
-15,14,0.24964210179275256,-0.35996395670279346,-15,14,-0.29583330821303927,0.293215314335048,0.045751754
-15,14,0.24513167904964295,-0.35575422880922447,-15,14,-0.2905973204570563,0.28972465583105933,0.057428486
-15,14,0.24143744247063506,-0.3523062746688171,-15,14,-0.2871066619530676,0.28448866807507633,0.047036481
-15,14,0.2369630857609674,-0.3481302084064606,-15,14,-0.2818706741970846,0.28099800957108767,0.056969279
-16,14,0.23208488770911645,-0.343861785111091,-16,14,-0.2766346864411016,0.277507351067099,0.0582292
-16,14,0.22813837587313784,-0.3404085872546097,-16,14,-0.2748893571891073,0.2731440279371132,0.047108015
-15,14,0.22449157160979255,-0.33700490327548743,-15,14,-0.27052603405912146,0.2696533694331245,0.046432554
-15,14,0.22037657178775213,-0.3331642367749164,-15,14,-0.2670353755551328,0.2652900463031387,0.052393805
-16,14,0.2160015802241455,-0.32933611915676064,-16,14,-0.26267205242514696,0.2626720524251472,0.052222615
-15,14,0.2123769269379016,-0.325953109422933,-15,14,-0.26005405854715546,0.2574360646691642,0.046150519
-14,14,0.2082535801293281,-0.32182976261435947,-14,14,-0.25569073541716963,0.2539454061651755,0.056250088
-15,14,0.20393943003658765,-0.31780322252780174,-15,14,-0.24958208303518947,0.25045474766118686,0.054929465
-16,14,0.1992793092830331,-0.3137256168684415,-16,14,-0.2460914245312008,0.24521875990520386,0.055626094
-15,15,0.19564978063768992,-0.3100960882230983,-15,15,-0.2434734306532093,0.2417281014012152,0.046212594
-14,13,0.19153289292266823,-0.30627326391629245,-14,13,-0.23911010752322348,0.23823744289722654,0.056161974
-15,13,0.18744870207146305,-0.302733631845248,-15,13,-0.23474678439323765,0.2338741197672407,0.052001533
-15,14,0.18316936459523556,-0.29873958353410235,-15,14,-0.231256125889249,0.22951079663725488,0.054486217
-15,15,0.17940337443271875,-0.2949735933715855,-15,15,-0.22776546738526032,0.22514747350726905,0.047950076
-14,14,0.1758986167890227,-0.29146883572788945,-14,14,-0.22427480888127166,0.22165681500328038,0.047811386
-14,14,0.17169575775740734,-0.2872659766962741,-14,14,-0.220784150377283,0.21729349187329455,0.057334782
-16,14,0.16701274526538365,-0.2831683407657533,-16,14,-0.2155481626213,0.21293016874330872,0.055899344
-16,14,0.16222973160663018,-0.27898320381434405,-16,14,-0.21205750411731134,0.2085668456133229,0.05709302
-15,13,0.15786609789530395,-0.27520138793119464,-15,13,-0.20682151636132834,0.20420352248333706,0.05555951
-15,13,0.15389331860101008,-0.27175831254280663,-15,13,-0.20333085785733968,0.20245819323134273,0.050582997
-16,13,0.1493636186788589,-0.2680779313560588,-16,13,-0.19809487010135668,0.19722220547535974,0.05406931
-15,14,0.14521058013880955,-0.26420176205201273,-15,14,-0.19460421159736802,0.19373154697137107,0.052878129
-15,14,0.1414683265937462,-0.2607089920766203,-15,14,-0.19111355309337935,0.18936822384138524,0.047647852
-15,14,0.13792368268234556,-0.25740065775931303,-15,14,-0.18675022996339352,0.18587756533739658,0.045131808
-15,13,0.13399833483977633,-0.2539986896290864,-15,13,-0.1850049007113992,0.1823869068334079,0.049979081
-15,15,0.12992745460248514,-0.2499278093917952,-15,15,-0.1797689129554162,0.17715091907742492,0.051832057
-16,15,0.12523817995288108,-0.24553161440779142,-16,15,-0.1745329251994332,0.17366026057343625,0.055974093
-15,14,0.12096047272762137,-0.2415390876642157,-15,14,-0.17104226669544453,0.1701696020694476,0.05446546
-16,14,0.11601351308750892,-0.2372104979791173,-16,14,-0.16580627893946154,0.1649336143134646,0.059049981
-15,15,0.11273311843021859,-0.23393010332182698,-15,15,-0.1640609496874672,0.16144295580947593,0.041767282
-15,14,0.10863589939427898,-0.23010603222161669,-15,14,-0.1588249619314842,0.15795229730548727,0.052167413
-15,14,0.10457691660398638,-0.22631764828401027,-15,14,-0.1562069680534927,0.1544616388014986,0.051680574
-15,14,0.10048200703134623,-0.22249573268287948,-15,14,-0.15097098029750972,0.1492256510455156,0.052138008
-16,14,0.0954169746944751,-0.21806382938811725,-16,14,-0.14660765716752389,0.14573499254152694,0.06045937
-15,13,0.09081252062749164,-0.2140733025300649,-15,13,-0.14311699866353522,0.1413716694115411,0.05862573
-15,13,0.08615765593647014,-0.21003908646451294,-15,13,-0.13788101090755223,0.13788101090755245,0.059267578
-16,13,0.08183456390237984,-0.20652657418681458,-16,13,-0.13439035240356356,0.13351768777756662,0.05160311
-15,14,0.07815523056768167,-0.2030925297410963,-15,14,-0.13002702927357773,0.1291543646475808,0.046846727
-15,14,0.07422973012224929,-0.1994287293253594,-15,14,-0.12653637076958907,0.12566370614359212,0.049981024
-15,14,0.07001424190387447,-0.19549427365487623,-15,14,-0.12217304763960324,0.12304571226560063,0.053673263
-16,13,0.06618461013230742,-0.192382697840478,-16,13,-0.11955505376161174,0.1186823891356148,0.045712862
-14,14,0.06187617254933264,-0.18807426025750323,-14,14,-0.11606439525762308,0.1160643952576233,0.058775069
-11,9,0.0588802129156775,-0.18562302055723995,-11,9,-0.11606439525762308,0.1160643952576233,0.052016922
-7,4,0.05682875326369455,-0.18445075789896398,-7,4,-0.11606439525762308,0.1160643952576233,0.055971419
-4,2,0.05566549296483114,-0.18386912774953226,-4,2,-0.11606439525762308,0.1160643952576233,0.055541588
-2,1,0.05509505269719263,-0.183583907615713,-2,1,-0.11606439525762308,0.1160643952576233,0.054473033
-2,1,0.05454204296996193,-0.18330740275209764,-2,1,-0.11606439525762308,0.1160643952576233,0.052808539
-1,0,0.05424652039144227,-0.18330740275209764,-1,0,-0.11606439525762308,0.1160643952576233,0.056440655
-1,0,0.05392835606668886,-0.18330740275209764,-1,0,-0.11606439525762308,0.1160643952576233,0.06076491
-1,0,0.05364025300848314,-0.18330740275209764,-1,0,-0.11606439525762308,0.1160643952576233,0.055023631
-1,0,0.05335643983693379,-0.18330740275209764,-1,0,-0.11606439525762308,0.1160643952576233,0.054204323
-1,0,0.053094194562889316,-0.18330740275209764,-1,0,-0.11606439525762308,0.1160643952576233,0.050085158
0,0,0.053094194562889316,-0.18330740275209764,0,0,-0.11606439525762308,0.1160643952576233,0.05203678
0,0,0.053094194562889316,-0.18330740275209764,0,0,-0.11606439525762308,0.1160643952576233,0.058496339
0,0,0.053094194562889316,-0.18330740275209764,0,0,-0.11606439525762308,0.1160643952576233,0.054638572
0,0,0.053094194562889316,-0.18330740275209764,0,0,-0.11606439525762308,0.1160643952576233,0.054065433
0,0,0.053094194562889316,-0.18330740275209764,0,0,-0.11606439525762308,0.1160643952576233,0.056906995
0,0,0.053094194562889316,-0.18330740275209764,0,0,-0.11606439525762308,0.1160643952576233,0.056176271
0,0,0.053094194562889316,-0.18330740275209764,0,0,-0.11606439525762308,0.1160643952576233,0.058672448
0,0,0.053094194562889316,-0.18330740275209764,0,0,-0.11606439525762308,0.1160643952576233,0.061924144
0,0,0.053094194562889316,-0.18330740275209764,0,0,-0.11606439525762308,0.1160643952576233,0.055475003
0,0,0.053094194562889316,-0.18330740275209764,0,0,-0.11606439525762308,0.1160643952576233,0.055612951
0,0,0.053094194562889316,-0.18330740275209764,0,0,-0.11606439525762308,0.1160643952576233,0.063167733
0,0,0.053094194562889316,-0.18330740275209764,0,0,-0.11606439525762308,0.1160643952576233,0.055138706
0,0,0.053094194562889316,-0.18330740275209764,0,0,-0.11606439525762308,0.1160643952576233,0.057518595
0,0,0.053094194562889316,-0.18330740275209764,0,0,-0.11606439525762308,0.1160643952576233,0.05471746
0,0,0.053094194562889316,-0.18330740275209764,0,0,-0.11606439525762308,0.1160643952576233,0.062261243
0,0,0.053094194562889316,-0.18330740275209764,0,0,-0.11606439525762308,0.1160643952576233,0.053107567
0,0,0.053094194562889316,-0.18330740275209764,0,0,-0.11606439525762308,0.1160643952576233,0.057071791
0,0,0.053094194562889316,-0.18330740275209764,0,0,-0.11606439525762308,0.1160643952576233,0.057813226
0,0,0.053094194562889316,-0.18330740275209764,0,0,-0.11606439525762308,0.1160643952576233,0.054436045
0,0,0.053094194562889316,-0.18330740275209764,0,0,-0.11606439525762308,0.1160643952576233,0.052917452
0,0,0.053094194562889316,-0.18330740275209764,0,0,-0.11606439525762308,0.1160643952576233,0.05972956
0,0,0.053094194562889316,-0.18330740275209764,0,0,-0.11606439525762308,0.1160643952576233,0.056605752
0,0,0.053094194562889316,-0.18330740275209764,0,0,-0.11606439525762308,0.1160643952576233,0.053829524
0,0,0.053094194562889316,-0.18330740275209764,0,0,-0.11606439525762308,0.1160643952576233,0.050266218
0,0,0.053094194562889316,-0.18330740275209764,0,0,-0.11606439525762308,0.1160643952576233,0.055399052
0,0,0.053094194562889316,-0.18330740275209764,0,0,-0.11606439525762308,0.1160643952576233,0.057471658
0,0,0.053094194562889316,-0.18330740275209764,0,0,-0.11606439525762308,0.1160643952576233,0.044563409
0,0,0.053094194562889316,-0.18330740275209764,0,0,-0.11606439525762308,0.1160643952576233,0.050189193
0,0,0.053094194562889316,-0.18330740275209764,0,0,-0.11606439525762308,0.1160643952576233,0.055212204
0,0,0.053094194562889316,-0.18330740275209764,0,0,-0.11606439525762308,0.1160643952576233,0.058972407
0,0,0.053094194562889316,-0.18330740275209764,0,0,-0.11606439525762308,0.1160643952576233,0.045676385
0,0,0.053094194562889316,-0.18330740275209764,0,0,-0.11606439525762308,0.1160643952576233,0.054404086
0,0,0.053094194562889316,-0.18330740275209764,0,0,-0.11606439525762308,0.1160643952576233,0.054183825
0,0,0.053094194562889316,-0.18330740275209764,0,0,-0.11606439525762308,0.1160643952576233,0.046774043
0,0,0.053094194562889316,-0.18330740275209764,0,0,-0.11606439525762308,0.1160643952576233,0.060623327
0,0,0.053094194562889316,-0.18330740275209764,0,0,-0.11606439525762308,0.1160643952576233,0.055620625
0,0,0.053094194562889316,-0.18330740275209764,0,0,-0.11606439525762308,0.1160643952576233,0.057265594
0,0,0.053094194562889316,-0.18330740275209764,0,0,-0.11606439525762308,0.1160643952576233,0.046614085
0,0,0.053094194562889316,-0.18330740275209764,0,0,-0.11606439525762308,0.1160643952576233,0.059026408
0,0,0.053094194562889316,-0.18330740275209764,0,0,-0.11606439525762308,0.1160643952576233,0.045167095
0,0,0.053094194562889316,-0.18330740275209764,0,0,-0.11606439525762308,0.1160643952576233,0.055965409
0,0,0.053094194562889316,-0.18330740275209764,0,0,-0.11606439525762308,0.1160643952576233,0.057184933
0,0,0.053094194562889316,-0.18330740275209764,0,0,-0.11606439525762308,0.1160643952576233,0.045300564
0,0,0.053094194562889316,-0.18330740275209764,0,0,-0.11606439525762308,0.1160643952576233,0.062764753
0,0,0.053094194562889316,-0.18330740275209764,0,0,-0.11606439525762308,0.1160643952576233,0.04768397
0,0,0.053094194562889316,-0.18330740275209764,0,0,-0.11606439525762308,0.1160643952576233,0.045745084
0,0,0.053094194562889316,-0.18330740275209764,0,0,-0.11606439525762308,0.1160643952576233,0.053615485
0,0,0.053094194562889316,-0.18330740275209764,0,0,-0.11606439525762308,0.1160643952576233,0.047777325
0,0,0.053094194562889316,-0.18330740275209764,0,0,-0.11606439525762308,0.1160643952576233,0.05447598
0,0,0.053094194562889316,-0.18330740275209764,0,0,-0.11606439525762308,0.1160643952576233,0.051181124
0,0,0.053094194562889316,-0.18330740275209764,0,0,-0.11606439525762308,0.1160643952576233,0.054329557
0,0,0.053094194562889316,-0.18330740275209764,0,0,-0.11606439525762308,0.1160643952576233,0.054289943
0,0,0.053094194562889316,-0.18330740275209764,0,0,-0.11606439525762308,0.1160643952576233,0.054099579
0,0,0.053094194562889316,-0.18330740275209764,0,0,-0.11606439525762308,0.1160643952576233,0.057249193
0,0,0.053094194562889316,-0.18330740275209764,0,0,-0.11606439525762308,0.1160643952576233,0.047836064
0,0,0.053094194562889316,-0.18330740275209764,0,0,-0.11606439525762308,0.1160643952576233,0.046368437
0,0,0.053094194562889316,-0.18330740275209764,0,0,-0.11606439525762308,0.1160643952576233,0.056180409
0,0,0.053094194562889316,-0.18330740275209764,0,0,-0.11606439525762308,0.1160643952576233,0.05423996
